{
  "model": "csebuetnlp/banglabert",
  "eras": [
    "pre_1950",
    "1950_1970",
    "1970_1990",
    "1990_2010",
    "2010_2025"
  ],
  "n_ctx": 50,
  "min_ctx": 20,
  "tests": {
    "path_main4": {
      "n": 959,
      "spearman_rho": 0.0086,
      "p": 0.7910618032878878,
      "partial_rho_given_freq": 0.0138,
      "by_freq_tertile": {
        "low_freq": {
          "rho": 0.0299,
          "p": 0.5926272642634093,
          "n": 323
        },
        "mid_freq": {
          "rho": 0.0183,
          "p": 0.7462131497063568,
          "n": 316
        },
        "high_freq": {
          "rho": -0.004,
          "p": 0.9431033565090666,
          "n": 320
        }
      }
    },
    "meander_main4": {
      "n": 959,
      "spearman_rho": 0.0095,
      "p": 0.7692286464135482,
      "partial_rho_given_freq": 0.0118,
      "by_freq_tertile": {
        "low_freq": {
          "rho": 0.0202,
          "p": 0.7176081638984392,
          "n": 323
        },
        "mid_freq": {
          "rho": 0.0098,
          "p": 0.862379569634889,
          "n": 316
        },
        "high_freq": {
          "rho": 0.0104,
          "p": 0.8527740595508814,
          "n": 320
        }
      }
    },
    "path_all5": {
      "n": 888,
      "spearman_rho": 0.0228,
      "p": 0.49739489823512606,
      "partial_rho_given_freq": 0.0231,
      "by_freq_tertile": {
        "low_freq": {
          "rho": -0.0226,
          "p": 0.6959517826550866,
          "n": 301
        },
        "mid_freq": {
          "rho": 0.0648,
          "p": 0.26945552886664137,
          "n": 292
        },
        "high_freq": {
          "rho": 0.0356,
          "p": 0.5420105562194721,
          "n": 295
        }
      }
    },
    "meander_all5": {
      "n": 888,
      "spearman_rho": 0.0039,
      "p": 0.9083381620338662,
      "partial_rho_given_freq": 0.0037,
      "by_freq_tertile": {
        "low_freq": {
          "rho": -0.0153,
          "p": 0.7912462346855196,
          "n": 301
        },
        "mid_freq": {
          "rho": 0.003,
          "p": 0.9598139968666975,
          "n": 292
        },
        "high_freq": {
          "rho": 0.0206,
          "p": 0.724945213221616,
          "n": 295
        }
      }
    }
  },
  "case_trajectories": {
    "ডিজিটাল": {},
    "দারুণ": {
      "pre_1950->1950_1970": 0.0183,
      "1950_1970->1970_1990": 0.0021,
      "1970_1990->1990_2010": 0.0003,
      "1990_2010->2010_2025": -0.0003
    },
    "স্বাধীনতা": {
      "pre_1950->1950_1970": 0.0009,
      "1950_1970->1970_1990": -0.0003,
      "1970_1990->1990_2010": 0.0013,
      "1990_2010->2010_2025": 0.0002
    }
  }
}